<?xml version="1.0" ?>
<LOG_ROOT>
	<PROJECT NAME="CPU">
		<CBX_INST_ENTRY INSTANCE_NAME="|CPU|Exec:exec|_2mux3to1:mux31|lpm_mux:Mux13" CBX_FILE_NAME="mux_9rc.tdf"/>
		<CBX_INST_ENTRY INSTANCE_NAME="|CPU|Exec:exec|_2mux3to1:mux31|lpm_mux:Mux31" CBX_FILE_NAME="mux_9rc.tdf"/>
		<CBX_INST_ENTRY INSTANCE_NAME="|CPU|Exec:exec|_2mux3to1:mux31|lpm_mux:Mux4" CBX_FILE_NAME="mux_9rc.tdf"/>
		<CBX_INST_ENTRY INSTANCE_NAME="|CPU|Exec:exec|mux4to1:mux41|lpm_mux:Mux21" CBX_FILE_NAME="mux_9rc.tdf"/>
		<CBX_INST_ENTRY INSTANCE_NAME="|CPU|Exec:exec|mux4to1:mux41|lpm_mux:Mux3" CBX_FILE_NAME="mux_9rc.tdf"/>
		<CBX_INST_ENTRY INSTANCE_NAME="|CPU|Ifetch:ifetch|inmem:in|lpm_mux:Mux29" CBX_FILE_NAME="mux_ouc.tdf"/>
		<CBX_INST_ENTRY INSTANCE_NAME="|CPU|Exec:exec|_2mux3to1:mux31|lpm_mux:Mux14" CBX_FILE_NAME="mux_9rc.tdf"/>
		<CBX_INST_ENTRY INSTANCE_NAME="|CPU|Exec:exec|_2mux3to1:mux31|lpm_mux:Mux32" CBX_FILE_NAME="mux_9rc.tdf"/>
		<CBX_INST_ENTRY INSTANCE_NAME="|CPU|Exec:exec|_2mux3to1:mux31|lpm_mux:Mux5" CBX_FILE_NAME="mux_9rc.tdf"/>
		<CBX_INST_ENTRY INSTANCE_NAME="|CPU|Exec:exec|mux4to1:mux41|lpm_mux:Mux22" CBX_FILE_NAME="mux_9rc.tdf"/>
		<CBX_INST_ENTRY INSTANCE_NAME="|CPU|Exec:exec|mux4to1:mux41|lpm_mux:Mux4" CBX_FILE_NAME="mux_9rc.tdf"/>
		<CBX_INST_ENTRY INSTANCE_NAME="|CPU|Exec:exec|_2mux3to1:mux31|lpm_mux:Mux15" CBX_FILE_NAME="mux_9rc.tdf"/>
		<CBX_INST_ENTRY INSTANCE_NAME="|CPU|Exec:exec|_2mux3to1:mux31|lpm_mux:Mux6" CBX_FILE_NAME="mux_9rc.tdf"/>
		<CBX_INST_ENTRY INSTANCE_NAME="|CPU|Exec:exec|mux4to1:mux41|lpm_mux:Mux23" CBX_FILE_NAME="mux_9rc.tdf"/>
		<CBX_INST_ENTRY INSTANCE_NAME="|CPU|Exec:exec|mux4to1:mux41|lpm_mux:Mux5" CBX_FILE_NAME="mux_9rc.tdf"/>
		<CBX_INST_ENTRY INSTANCE_NAME="|CPU|Exec:exec|_2mux3to1:mux31|lpm_mux:Mux16" CBX_FILE_NAME="mux_9rc.tdf"/>
		<CBX_INST_ENTRY INSTANCE_NAME="|CPU|Exec:exec|_2mux3to1:mux31|lpm_mux:Mux7" CBX_FILE_NAME="mux_9rc.tdf"/>
		<CBX_INST_ENTRY INSTANCE_NAME="|CPU|Exec:exec|mux4to1:mux41|lpm_mux:Mux24" CBX_FILE_NAME="mux_9rc.tdf"/>
		<CBX_INST_ENTRY INSTANCE_NAME="|CPU|Exec:exec|mux4to1:mux41|lpm_mux:Mux6" CBX_FILE_NAME="mux_9rc.tdf"/>
		<CBX_INST_ENTRY INSTANCE_NAME="|CPU|Exec:exec|_2mux3to1:mux31|lpm_mux:Mux17" CBX_FILE_NAME="mux_9rc.tdf"/>
		<CBX_INST_ENTRY INSTANCE_NAME="|CPU|Exec:exec|_2mux3to1:mux31|lpm_mux:Mux8" CBX_FILE_NAME="mux_9rc.tdf"/>
		<CBX_INST_ENTRY INSTANCE_NAME="|CPU|Exec:exec|mux4to1:mux41|lpm_mux:Mux25" CBX_FILE_NAME="mux_9rc.tdf"/>
		<CBX_INST_ENTRY INSTANCE_NAME="|CPU|Exec:exec|mux4to1:mux41|lpm_mux:Mux7" CBX_FILE_NAME="mux_9rc.tdf"/>
		<CBX_INST_ENTRY INSTANCE_NAME="|CPU|Exec:exec|_2mux3to1:mux31|lpm_mux:Mux18" CBX_FILE_NAME="mux_9rc.tdf"/>
		<CBX_INST_ENTRY INSTANCE_NAME="|CPU|Exec:exec|_2mux3to1:mux31|lpm_mux:Mux9" CBX_FILE_NAME="mux_9rc.tdf"/>
		<CBX_INST_ENTRY INSTANCE_NAME="|CPU|Exec:exec|mux4to1:mux41|lpm_mux:Mux26" CBX_FILE_NAME="mux_9rc.tdf"/>
		<CBX_INST_ENTRY INSTANCE_NAME="|CPU|Exec:exec|mux4to1:mux41|lpm_mux:Mux8" CBX_FILE_NAME="mux_9rc.tdf"/>
		<CBX_INST_ENTRY INSTANCE_NAME="|CPU|Exec:exec|_2mux3to1:mux31|lpm_mux:Mux19" CBX_FILE_NAME="mux_9rc.tdf"/>
		<CBX_INST_ENTRY INSTANCE_NAME="|CPU|Exec:exec|mux4to1:mux41|lpm_mux:Mux27" CBX_FILE_NAME="mux_9rc.tdf"/>
		<CBX_INST_ENTRY INSTANCE_NAME="|CPU|Exec:exec|mux4to1:mux41|lpm_mux:Mux9" CBX_FILE_NAME="mux_9rc.tdf"/>
		<CBX_INST_ENTRY INSTANCE_NAME="|CPU|Ifetch:ifetch|inmem:in|lpm_mux:Mux10" CBX_FILE_NAME="mux_ouc.tdf"/>
		<CBX_INST_ENTRY INSTANCE_NAME="|CPU|Exec:exec|mux4to1:mux41|lpm_mux:Mux28" CBX_FILE_NAME="mux_9rc.tdf"/>
		<CBX_INST_ENTRY INSTANCE_NAME="|CPU|Ifetch:ifetch|inmem:in|lpm_mux:Mux11" CBX_FILE_NAME="mux_ouc.tdf"/>
		<CBX_INST_ENTRY INSTANCE_NAME="|CPU|Exec:exec|mux4to1:mux41|lpm_mux:Mux29" CBX_FILE_NAME="mux_9rc.tdf"/>
		<CBX_INST_ENTRY INSTANCE_NAME="|CPU|Ifetch:ifetch|inmem:in|lpm_mux:Mux12" CBX_FILE_NAME="mux_ouc.tdf"/>
		<CBX_INST_ENTRY INSTANCE_NAME="|CPU|Ifetch:ifetch|inmem:in|lpm_mux:Mux30" CBX_FILE_NAME="mux_ouc.tdf"/>
		<CBX_INST_ENTRY INSTANCE_NAME="|CPU|Ifetch:ifetch|inmem:in|lpm_mux:Mux13" CBX_FILE_NAME="mux_ouc.tdf"/>
		<CBX_INST_ENTRY INSTANCE_NAME="|CPU|Ifetch:ifetch|inmem:in|lpm_mux:Mux22" CBX_FILE_NAME="mux_ouc.tdf"/>
		<CBX_INST_ENTRY INSTANCE_NAME="|CPU|Ifetch:ifetch|inmem:in|lpm_mux:Mux31" CBX_FILE_NAME="mux_ouc.tdf"/>
		<CBX_INST_ENTRY INSTANCE_NAME="|CPU|Ifetch:ifetch|inmem:in|lpm_mux:Mux4" CBX_FILE_NAME="mux_ouc.tdf"/>
		<CBX_INST_ENTRY INSTANCE_NAME="|CPU|Ifetch:ifetch|inmem:in|lpm_mux:Mux14" CBX_FILE_NAME="mux_ouc.tdf"/>
		<CBX_INST_ENTRY INSTANCE_NAME="|CPU|Ifetch:ifetch|inmem:in|lpm_mux:Mux23" CBX_FILE_NAME="mux_ouc.tdf"/>
		<CBX_INST_ENTRY INSTANCE_NAME="|CPU|Ifetch:ifetch|inmem:in|lpm_mux:Mux5" CBX_FILE_NAME="mux_ouc.tdf"/>
		<CBX_INST_ENTRY INSTANCE_NAME="|CPU|Ifetch:ifetch|inmem:in|lpm_mux:Mux15" CBX_FILE_NAME="mux_ouc.tdf"/>
		<CBX_INST_ENTRY INSTANCE_NAME="|CPU|Ifetch:ifetch|inmem:in|lpm_mux:Mux24" CBX_FILE_NAME="mux_ouc.tdf"/>
		<CBX_INST_ENTRY INSTANCE_NAME="|CPU|Ifetch:ifetch|inmem:in|lpm_mux:Mux6" CBX_FILE_NAME="mux_ouc.tdf"/>
		<CBX_INST_ENTRY INSTANCE_NAME="|CPU|Mem:mem|altsyncram:mem_rtl_0" CBX_FILE_NAME="altsyncram_5an1.tdf"/>
		<CBX_INST_ENTRY INSTANCE_NAME="|CPU|Exec:exec|_2mux3to1:mux31|lpm_mux:Mux0" CBX_FILE_NAME="mux_9rc.tdf"/>
		<CBX_INST_ENTRY INSTANCE_NAME="|CPU|Ifetch:ifetch|inmem:in|lpm_mux:Mux16" CBX_FILE_NAME="mux_ouc.tdf"/>
		<CBX_INST_ENTRY INSTANCE_NAME="|CPU|Ifetch:ifetch|inmem:in|lpm_mux:Mux25" CBX_FILE_NAME="mux_ouc.tdf"/>
		<CBX_INST_ENTRY INSTANCE_NAME="|CPU|Ifetch:ifetch|inmem:in|lpm_mux:Mux7" CBX_FILE_NAME="mux_ouc.tdf"/>
		<CBX_INST_ENTRY INSTANCE_NAME="|CPU|Exec:exec|_2mux3to1:mux31|lpm_mux:Mux1" CBX_FILE_NAME="mux_9rc.tdf"/>
		<CBX_INST_ENTRY INSTANCE_NAME="|CPU|Exec:exec|_2mux3to1:mux31|lpm_mux:Mux10" CBX_FILE_NAME="mux_9rc.tdf"/>
		<CBX_INST_ENTRY INSTANCE_NAME="|CPU|Exec:exec|mux4to1:mux41|lpm_mux:Mux0" CBX_FILE_NAME="mux_9rc.tdf"/>
		<CBX_INST_ENTRY INSTANCE_NAME="|CPU|Ifetch:ifetch|inmem:in|lpm_mux:Mux17" CBX_FILE_NAME="mux_ouc.tdf"/>
		<CBX_INST_ENTRY INSTANCE_NAME="|CPU|Ifetch:ifetch|inmem:in|lpm_mux:Mux26" CBX_FILE_NAME="mux_ouc.tdf"/>
		<CBX_INST_ENTRY INSTANCE_NAME="|CPU|Ifetch:ifetch|inmem:in|lpm_mux:Mux8" CBX_FILE_NAME="mux_ouc.tdf"/>
		<CBX_INST_ENTRY INSTANCE_NAME="|CPU|Exec:exec|_2mux3to1:mux31|lpm_mux:Mux11" CBX_FILE_NAME="mux_9rc.tdf"/>
		<CBX_INST_ENTRY INSTANCE_NAME="|CPU|Exec:exec|_2mux3to1:mux31|lpm_mux:Mux2" CBX_FILE_NAME="mux_9rc.tdf"/>
		<CBX_INST_ENTRY INSTANCE_NAME="|CPU|Exec:exec|_2mux3to1:mux31|lpm_mux:Mux20" CBX_FILE_NAME="mux_9rc.tdf"/>
		<CBX_INST_ENTRY INSTANCE_NAME="|CPU|Exec:exec|mux4to1:mux41|lpm_mux:Mux1" CBX_FILE_NAME="mux_9rc.tdf"/>
		<CBX_INST_ENTRY INSTANCE_NAME="|CPU|Exec:exec|mux4to1:mux41|lpm_mux:Mux10" CBX_FILE_NAME="mux_9rc.tdf"/>
		<CBX_INST_ENTRY INSTANCE_NAME="|CPU|Ifetch:ifetch|inmem:in|lpm_mux:Mux18" CBX_FILE_NAME="mux_ouc.tdf"/>
		<CBX_INST_ENTRY INSTANCE_NAME="|CPU|Ifetch:ifetch|inmem:in|lpm_mux:Mux27" CBX_FILE_NAME="mux_ouc.tdf"/>
		<CBX_INST_ENTRY INSTANCE_NAME="|CPU|Ifetch:ifetch|inmem:in|lpm_mux:Mux9" CBX_FILE_NAME="mux_ouc.tdf"/>
		<CBX_INST_ENTRY INSTANCE_NAME="|CPU|Exec:exec|_2mux3to1:mux31|lpm_mux:Mux12" CBX_FILE_NAME="mux_9rc.tdf"/>
		<CBX_INST_ENTRY INSTANCE_NAME="|CPU|Exec:exec|_2mux3to1:mux31|lpm_mux:Mux21" CBX_FILE_NAME="mux_9rc.tdf"/>
		<CBX_INST_ENTRY INSTANCE_NAME="|CPU|Exec:exec|_2mux3to1:mux31|lpm_mux:Mux3" CBX_FILE_NAME="mux_9rc.tdf"/>
		<CBX_INST_ENTRY INSTANCE_NAME="|CPU|Exec:exec|_2mux3to1:mux31|lpm_mux:Mux30" CBX_FILE_NAME="mux_9rc.tdf"/>
		<CBX_INST_ENTRY INSTANCE_NAME="|CPU|Exec:exec|mux4to1:mux41|lpm_mux:Mux11" CBX_FILE_NAME="mux_9rc.tdf"/>
		<CBX_INST_ENTRY INSTANCE_NAME="|CPU|Exec:exec|mux4to1:mux41|lpm_mux:Mux2" CBX_FILE_NAME="mux_9rc.tdf"/>
		<CBX_INST_ENTRY INSTANCE_NAME="|CPU|Exec:exec|mux4to1:mux41|lpm_mux:Mux20" CBX_FILE_NAME="mux_9rc.tdf"/>
		<CBX_INST_ENTRY INSTANCE_NAME="|CPU|Ifetch:ifetch|inmem:in|lpm_mux:Mux19" CBX_FILE_NAME="mux_ouc.tdf"/>
		<CBX_INST_ENTRY INSTANCE_NAME="|CPU|Ifetch:ifetch|inmem:in|lpm_mux:Mux28" CBX_FILE_NAME="mux_ouc.tdf"/>
		<CBX_INST_ENTRY INSTANCE_NAME="|CPU|Exec:exec|_2mux3to1:mux31|lpm_mux:Mux22" CBX_FILE_NAME="mux_9rc.tdf"/>
		<CBX_INST_ENTRY INSTANCE_NAME="|CPU|Exec:exec|mux4to1:mux41|lpm_mux:Mux12" CBX_FILE_NAME="mux_9rc.tdf"/>
		<CBX_INST_ENTRY INSTANCE_NAME="|CPU|Exec:exec|mux4to1:mux41|lpm_mux:Mux30" CBX_FILE_NAME="mux_9rc.tdf"/>
		<CBX_INST_ENTRY INSTANCE_NAME="|CPU|Exec:exec|_2mux3to1:mux31|lpm_mux:Mux23" CBX_FILE_NAME="mux_9rc.tdf"/>
		<CBX_INST_ENTRY INSTANCE_NAME="|CPU|Exec:exec|mux4to1:mux41|lpm_mux:Mux13" CBX_FILE_NAME="mux_9rc.tdf"/>
		<CBX_INST_ENTRY INSTANCE_NAME="|CPU|Exec:exec|mux4to1:mux41|lpm_mux:Mux31" CBX_FILE_NAME="mux_9rc.tdf"/>
		<CBX_INST_ENTRY INSTANCE_NAME="|CPU|Exec:exec|_2mux3to1:mux31|lpm_mux:Mux24" CBX_FILE_NAME="mux_9rc.tdf"/>
		<CBX_INST_ENTRY INSTANCE_NAME="|CPU|Exec:exec|mux4to1:mux41|lpm_mux:Mux14" CBX_FILE_NAME="mux_9rc.tdf"/>
		<CBX_INST_ENTRY INSTANCE_NAME="|CPU|RegDec:regDec|altsyncram:mem_rtl_1" CBX_FILE_NAME="altsyncram_1fr1.tdf"/>
		<CBX_INST_ENTRY INSTANCE_NAME="|CPU|Exec:exec|_2mux3to1:mux31|lpm_mux:Mux25" CBX_FILE_NAME="mux_9rc.tdf"/>
		<CBX_INST_ENTRY INSTANCE_NAME="|CPU|Exec:exec|mux4to1:mux41|lpm_mux:Mux15" CBX_FILE_NAME="mux_9rc.tdf"/>
		<CBX_INST_ENTRY INSTANCE_NAME="|CPU|RegDec:regDec|altsyncram:mem_rtl_2" CBX_FILE_NAME="altsyncram_1fr1.tdf"/>
		<CBX_INST_ENTRY INSTANCE_NAME="|CPU|Exec:exec|_2mux3to1:mux31|lpm_mux:Mux26" CBX_FILE_NAME="mux_9rc.tdf"/>
		<CBX_INST_ENTRY INSTANCE_NAME="|CPU|Exec:exec|mux4to1:mux41|lpm_mux:Mux16" CBX_FILE_NAME="mux_9rc.tdf"/>
		<CBX_INST_ENTRY INSTANCE_NAME="|CPU|Exec:exec|_2mux3to1:mux31|lpm_mux:Mux27" CBX_FILE_NAME="mux_9rc.tdf"/>
		<CBX_INST_ENTRY INSTANCE_NAME="|CPU|Exec:exec|mux4to1:mux41|lpm_mux:Mux17" CBX_FILE_NAME="mux_9rc.tdf"/>
		<CBX_INST_ENTRY INSTANCE_NAME="|CPU|Ifetch:ifetch|inmem:in|lpm_mux:Mux0" CBX_FILE_NAME="mux_ouc.tdf"/>
		<CBX_INST_ENTRY INSTANCE_NAME="|CPU|Exec:exec|_2mux3to1:mux31|lpm_mux:Mux28" CBX_FILE_NAME="mux_9rc.tdf"/>
		<CBX_INST_ENTRY INSTANCE_NAME="|CPU|Exec:exec|mux4to1:mux41|lpm_mux:Mux18" CBX_FILE_NAME="mux_9rc.tdf"/>
		<CBX_INST_ENTRY INSTANCE_NAME="|CPU|Ifetch:ifetch|inmem:in|lpm_mux:Mux1" CBX_FILE_NAME="mux_ouc.tdf"/>
		<CBX_INST_ENTRY INSTANCE_NAME="|CPU|Exec:exec|_2mux3to1:mux31|lpm_mux:Mux29" CBX_FILE_NAME="mux_9rc.tdf"/>
		<CBX_INST_ENTRY INSTANCE_NAME="|CPU|Exec:exec|mux4to1:mux41|lpm_mux:Mux19" CBX_FILE_NAME="mux_9rc.tdf"/>
		<CBX_INST_ENTRY INSTANCE_NAME="|CPU|Ifetch:ifetch|inmem:in|lpm_mux:Mux2" CBX_FILE_NAME="mux_ouc.tdf"/>
		<CBX_INST_ENTRY INSTANCE_NAME="|CPU|Ifetch:ifetch|inmem:in|lpm_mux:Mux20" CBX_FILE_NAME="mux_ouc.tdf"/>
		<CBX_INST_ENTRY INSTANCE_NAME="|CPU|Ifetch:ifetch|inmem:in|lpm_mux:Mux21" CBX_FILE_NAME="mux_ouc.tdf"/>
		<CBX_INST_ENTRY INSTANCE_NAME="|CPU|Ifetch:ifetch|inmem:in|lpm_mux:Mux3" CBX_FILE_NAME="mux_ouc.tdf"/>
	</PROJECT>
</LOG_ROOT>
